studentId,studentName
10001,"Odette Kaufman"
10003,"Margaret S. Lucas"
10004,"Simon Dillon"
10008,"Kirsten K. Murray"
10009,"Gabriel L. Blackwell"
10010,"Faith W. Garrett"
10011,"Yolanda Howe"
10012,"Evan Newman"
10013,"Giacomo T. Fry"
10014,"Carlos C. Harper"
10017,"Uriah Stephens"
10018,"Hop Porter"
10019,"Ima K. Moody"
10020,"Addison F. Black"
10022,"Gisela W. Carrillo"
10024,"Illana N. Gilmore"
10025,"Rosalyn Ellison"
10027,"Theodore T. Kramer"
10029,"Carson A. Mccullough"
10031,"Stephen P. Waters"
10035,"Trevor N. Jensen"
10037,"Marny Rush"
10038,"Herman Morris"
10040,"Bree U. Melton"
10043,"Gary F. Herrera"
10045,"Ulla Martinez"
10047,"Walter Perez"
10051,"Cecilia X. Key"
10052,"Lucian Hopper"
10053,"Malik Gonzales"
10055,"Hedley S. Hendrix"
10057,"Seth Talley"
10059,"Nelle V. Mcbride"
10061,"Whoopi J. Fitzgerald"
10062,"Natalie H. Buck"
10064,"Alexander Tillman"
10067,"Summer Koch"
10072,"Sheila Y. Alford"
10074,"Eleanor S. Henry"
10077,"Len Nelson"
10078,"Barry Bradford"
10080,"Dalton Mercado"
10082,"Claudia Allison"
10083,"Blake Santos"
10084,"Wanda Kerr"
10088,"Jana Dunn"
10093,"Maggy I. Merrill"
10095,"Ian Valenzuela"
10096,"Mannix L. Talley"
10099,"Montana Y. Wiley"
10103,"Sylvia B. Ball"
10107,"Vivian Lawson"
10112,"Melinda Riggs"
10120,"Shellie Avery"
10122,"Julie C. Park"
10126,"Mikayla Rodgers"
10129,"Lenore Cantu"
10130,"Darius Haney"
10131,"Madeline D. Smith"
10133,"Anne Pena"
10134,"Nathaniel L. Daniel"
10135,"Judah I. Vazquez"
10136,"Ishmael Brock"
10137,"Georgia L. Church"
10138,"Hayley Walsh"
10141,"Jesse E. Justice"
10142,"Fay Mayer"
10143,"Leroy G. Koch"
10148,"Rina David"
10150,"Josiah J. English"
10152,"Perry Graham"
10153,"Kai Russell"
10155,"Francis Vang"
10156,"Merritt D. Cannon"
10165,"Cedric Dejesus"
10172,"Zoe R. Sampson"
10178,"Wynter P. Graham"
10180,"Deanna Adams"
10181,"Tobias A. Mcmillan"
10182,"Ursula Q. Bradford"
10183,"Michelle B. Lindsay"
10184,"Yuli L. Maxwell"
10185,"Hayes Wise"
10186,"Dane H. Wilder"
10187,"Orli Vargas"
10188,"Jaime Daniel"
10190,"Linda Q. Everett"
10191,"Rina D. Hahn"
10194,"Delilah Green"
10195,"Hollee I. Vargas"
10196,"Ila Q. Allison"
10198,"Kessie Owen"
10200,"Ainsley Wood"
10201,"Urielle N. West"
10203,"Alfonso Tillman"
10206,"Jin D. Sheppard"
10208,"Brady Irwin"
10211,"Kennan F. Dalton"
10212,"Kaye Hurst"
10213,"Yvonne Bishop"
10217,"Talon Powers"
10221,"Reese Fletcher"
10225,"Alexa L. Pate"
10227,"Emma Macias"
10233,"MacKenzie G. Petty"
10236,"Ginger Small"
10237,"Ulysses M. Humphrey"
10238,"Tanek Guy"
10239,"Cedric W. Foreman"
10241,"Elaine Sampson"
10242,"Buckminster G. Morris"
10244,"Damon G. Decker"
10245,"Odessa Mullins"
10249,"Josiah Dominguez"
10250,"Wendy V. Beck"
10252,"Travis Flores"
10258,"Kaitlin D. Stanley"
10261,"Trevor Huber"
10263,"Vance Armstrong"
10264,"Fitzgerald Christian"
10271,"Ignatius P. Baxter"
10273,"Lucian Best"
10275,"Shoshana Whitney"
10276,"Cheyenne C. Campos"
10277,"Quynn L. George"
10278,"Daphne X. Trujillo"
10280,"Candace R. Gregory"
10284,"Vance Kidd"
10285,"Minerva Mcleod"
10290,"Jackson Jordan"
10291,"Dora K. Emerson"
10292,"Hu Rodgers"
10293,"Kermit Q. Mckee"
10295,"Samantha Bowen"
10297,"Thomas C. Crane"
10301,"Harper L. Parrish"
10302,"Hu W. Harrington"
10303,"Dean X. Conner"
10306,"Riley T. Barlow"
10310,"Morgan Vinson"
10311,"Byron X. Guy"
10316,"Jael Casey"
10319,"Carter Dale"
10321,"Molly Galloway"
10326,"Roanna R. Gilbert"
10327,"Shelby Farmer"
10331,"Alexis Q. Barron"
10333,"Gay D. Browning"
10334,"Alfreda I. Williams"
10340,"Axel P. Rodriquez"
10341,"Jael Gross"
10344,"Abbot Bowers"
10347,"Deacon Q. Cook"
10348,"Deacon Tanner"
10349,"Timon Glenn"
10350,"Carolyn S. Evans"
10352,"Karleigh Hull"
10353,"Herrod Cunningham"
10354,"Knox N. Velasquez"
10355,"Preston T. Mcpherson"
10356,"Leonard W. Wolf"
10357,"Lisandra K. Banks"
10359,"Merrill K. Stout"
10360,"Lydia N. Conley"
10362,"Amanda V. House"
10363,"Nathaniel S. Kaufman"
10365,"Tyrone U. Harrison"
10366,"Cecilia Perry"
10367,"Sigourney M. Stein"
10368,"John M. Pate"
10371,"Deborah R. Melton"
10372,"Kennedy T. Ratliff"
10374,"Uriah U. Armstrong"
10376,"Bo Swanson"
10378,"Gretchen L. Mcgee"
10381,"Brooke J. Vinson"
10383,"Tyler G. Parsons"
10384,"Uma J. Oneill"
10387,"Elton U. Travis"
10388,"Wing D. Harding"
10394,"Sybill Q. Lane"
10395,"Britanni N. Cooley"
10396,"Allistair T. Barnes"
10399,"Rajah O. Mooney"
10400,"Moses Barlow"
10401,"Adele Silva"
10402,"Lucas N. Livingston"
10403,"Kiara K. Kinney"
10404,"Portia Joyce"
10407,"Shaeleigh P. Shields"
10408,"Dante Hogan"
10411,"Orla J. Sparks"
10414,"Guinevere S. Sharp"
10415,"Noel Yang"
10418,"Lysandra D. Griffin"
10422,"Harding Taylor"
10427,"Kane R. Snyder"
10428,"Hannah Foley"
10429,"Petra Talley"
10431,"Petra Kent"
10433,"Jade Z. Pickett"
10435,"Dai Kramer"
10436,"Iliana Zamora"
10437,"Hamilton S. Hogan"
10438,"Iris Rivers"
10439,"Curran V. Nixon"
10440,"Calvin G. Travis"
10442,"Athena C. Johnston"
10444,"Nathaniel H. Huber"
10445,"Byron U. Short"
10446,"Camden C. Bryan"
10453,"Chiquita Herman"
10455,"Madison Z. Robbins"
10460,"Graiden Melton"
10461,"Gage Douglas"
10464,"Lacey Reynolds"
10466,"Ima Y. Le"
10467,"Sawyer Bean"
10468,"Brent I. Forbes"
10469,"Lesley Cain"
10470,"Cassandra P. Workman"
10475,"Talon Wood"
10478,"Murphy Wheeler"
10479,"Zephr D. Oliver"
10480,"Thor Z. Rollins"
10481,"Xandra Mckinney"
10485,"Dane H. Huber"
10490,"Chancellor E. Castaneda"
10495,"Isadora G. Parrish"
10497,"Iola Cross"
10498,"Ariel Shields"
10499,"Margaret Bartlett"
10500,"Thomas Stone"
10503,"May Burris"
10504,"Shelby Y. Hahn"
10505,"Neville M. Santana"
10506,"Sophia Hale"
10507,"Hoyt S. Clements"
10511,"Murphy Y. Washington"
10512,"Jennifer Kirby"
10514,"Piper I. Petty"
10515,"Hilda Sears"
10517,"Alice E. Avila"
10520,"Kylan L. Mckay"
10521,"Lynn A. Potter"
10524,"Justin I. Hays"
10525,"Quin Mclaughlin"
10527,"MacKensie C. Fields"
10528,"Mariam D. Cain"
10529,"Erasmus V. Underwood"
10531,"Driscoll A. Morgan"
10532,"Rhona Ortega"
10533,"Jarrod Hayden"
10534,"Arthur Lawson"
10535,"Edward Z. Fuentes"
10536,"Indira Z. Wagner"
10537,"Yardley Gross"
10541,"Odysseus K. Nieves"
10543,"Scarlet L. Cooper"
10547,"Gisela Hewitt"
10548,"Colette Cameron"
10550,"Emerald M. Pennington"
10552,"Cadman O. Parsons"
10553,"Shea Osborn"
10555,"Scarlet Montoya"
10556,"Xanthus Morales"
10557,"Zephania Bowen"
10558,"Laith Blackwell"
10563,"Keaton T. Cardenas"
10565,"Clementine X. Donovan"
10566,"Alisa L. Reed"
10568,"Xena Johnston"
10569,"Elton Sandoval"
10572,"Herrod H. Patterson"
10573,"Eliana O. Villarreal"
10575,"Katell K. Bailey"
10578,"Prescott D. Walker"
10580,"Paula Graves"
10581,"Remedios U. Prince"
10582,"Cullen C. Caldwell"
10584,"Shaeleigh S. Cooke"
10586,"Salvador Crawford"
10588,"Xenos Jarvis"
10590,"Aubrey Harding"
10592,"Claire Conway"
10593,"Orla J. Dejesus"
10594,"Savannah S. Banks"
10598,"Dale Maldonado"
10599,"Athena R. Rosario"
10602,"Jayme U. Lott"
10604,"Jameson D. Mills"
10605,"Leandra Q. Sweet"
10606,"Craig Summers"
10608,"Melanie Warner"
10610,"Evangeline H. Daniels"
10616,"Wesley Ellison"
10619,"Logan Richardson"
10622,"Lara Gallegos"
10625,"Kelsey A. Castaneda"
10626,"Bert X. Jacobs"
10629,"Ivan N. Nixon"
10630,"Shea Byers"
10631,"Dillon Petty"
10634,"Vincent Wilkerson"
10637,"Harper F. Barnett"
10640,"Glenna E. Morin"
10641,"Quynn Sloan"
10642,"Cullen Grant"
10644,"Hyacinth W. Mclaughlin"
10645,"Myra Schmidt"
10647,"Vernon S. Adams"
10649,"Rafael V. Ashley"
10651,"Cedric C. Cameron"
10652,"Juliet Osborne"
10653,"Brynne W. Espinoza"
10657,"Kirsten Y. Noel"
10659,"Samantha Q. Guerra"
10666,"Aspen Talley"
10669,"Bell Joyner"
10671,"Wilma N. Ferrell"
10674,"Katell R. Cross"
10677,"Lani Holman"
10678,"Myles V. Odom"
10679,"Sharon C. Floyd"
10680,"Ashely O. Huffman"
10681,"Hilel N. Tran"
10682,"Kennan D. Herring"
10685,"Kennedy Stokes"
10686,"Paula Cantrell"
10687,"Hermione M. Serrano"
10691,"Quincy Potts"
10692,"Katell Morton"
10693,"Madonna Dillon"
10694,"Quail V. Atkinson"
10696,"Juliet Boone"
10698,"Sopoline Dean"
10699,"Barry L. Lambert"
10700,"Tanner Kline"
10701,"Inga I. Norton"
10702,"Whitney Chen"
10707,"Clayton S. Leach"
10713,"Natalie J. Trevino"
10714,"Emi F. Sargent"
10716,"Ferdinand B. Carney"
10718,"Madaline Pace"
10720,"Darrel W. Nieves"
10727,"Rinah F. William"
10728,"Dara Vincent"
10729,"Tyler D. Medina"
10730,"Dominic Pittman"
10731,"Amber N. Contreras"
10733,"Stone Skinner"
10736,"Camilla Rosario"
10737,"Yetta K. Martin"
10746,"Castor Mercado"
10749,"Mannix Simmons"
10752,"Oliver G. Brewer"
10755,"TaShya Hendrix"
10756,"Carson Walter"
10758,"Nichole Parsons"
10761,"Kiayada Y. Henry"
10762,"Ignacia T. Castaneda"
10763,"Danielle Blair"
10764,"Iliana Emerson"
10765,"Orson Schwartz"
10766,"Nyssa Fischer"
10767,"Hu M. Workman"
10770,"Drake Murphy"
10771,"Oren R. Calderon"
10773,"Irene Sharp"
10776,"Beck Z. Booth"
10782,"Nathan G. Alford"
10784,"Lila Q. Slater"
10786,"Kirsten Richmond"
10788,"Phoebe Britt"
10792,"Iliana Jenkins"
10794,"Cailin Horton"
10796,"Lysandra Byers"
10798,"Clayton Hickman"
10800,"Dustin Hickman"
10801,"Brenden Hinton"
10804,"Jamalia Patterson"
10805,"Nissim Powers"
10806,"Ishmael Moss"
10808,"Sacha A. Flowers"
10810,"Deacon Morrison"
10811,"Yen P. Gould"
10812,"Charles O. Morrison"
10818,"Lavinia J. Lancaster"
10819,"Hall D. Hunt"
10825,"Isadora Kerr"
10826,"Nigel George"
10828,"Dorian Y. Castillo"
10829,"Roth B. Barlow"
10831,"Germaine Pitts"
10839,"Gannon A. Benton"
10841,"India Lee"
10842,"Bradley Guthrie"
10843,"Barclay G. Wallace"
10844,"Phelan V. Vaughan"
10845,"Macy H. Bailey"
10849,"Justin Rivas"
10851,"Patrick C. Aguirre"
10852,"Claudia T. Hull"
10856,"Dylan G. Page"
10859,"Louis Y. Gonzales"
10864,"Lillian G. Hooper"
10865,"Orson Z. Delacruz"
10866,"Jaquelyn Rosario"
10867,"Jakeem R. Hunter"
10868,"Adena Q. Hyde"
10874,"Isaac A. Holloway"
10876,"Natalie Wilkinson"
10879,"Patricia Z. Pope"
10881,"Kiara Ochoa"
10884,"Yoko O. Odonnell"
10886,"Tarik H. Hendrix"
10887,"Lenore Pearson"
10889,"Abraham Calhoun"
10891,"Gareth F. Dotson"
10896,"Owen L. Vazquez"
10897,"Meredith N. Bartlett"
10901,"Amelia Nielsen"
10906,"Cailin Z. Lynch"
10908,"Erich Z. Fisher"
10909,"Alma L. Dyer"
10910,"Leandra Rowe"
10911,"Nola Q. Massey"
10912,"Kyra O. Kelley"
10914,"Brian Suarez"
10915,"Samuel Love"
10916,"Ruth A. Ratliff"
10919,"Alden Malone"
10924,"Lane F. Simon"
10926,"Wilma Banks"
10928,"Tamara Larsen"
10929,"Kellie Clements"
10931,"Lars Knox"
10932,"Brooke Levy"
10934,"Brynne Y. Chavez"
10936,"Erasmus Camacho"
10937,"Quinlan French"
10938,"Henry Levine"
10939,"Katell W. Wise"
10949,"Jocelyn Houston"
10950,"Cameron Horn"
10955,"Uta Rivers"
10956,"Mariam Alexander"
10958,"Clarke T. Briggs"
10959,"Nero U. Ingram"
10961,"Oliver England"
10964,"Skyler Palmer"
10965,"Otto R. Vazquez"
10966,"Shana F. William"
10968,"Quintessa A. Wilkins"
10970,"Glenna Beck"
10973,"Ramona A. Buckley"
10974,"Moses Walter"
10975,"Jacqueline Pierce"
10977,"Nicholas H. Olsen"
10978,"Yael Bush"
10979,"Kelsey Hampton"
10980,"Price Sparks"
10982,"Colt Hamilton"
10984,"Myra Stephenson"
10985,"Geoffrey W. Holman"
10986,"Ahmed Wilcox"
10987,"Alden O. Mcconnell"
10988,"Robert Boone"
10989,"Brooke S. Stafford"
10992,"Zachary C. Vinson"
11001,"Ignatius Q. Beach"
11002,"Briar E. Johnson"
11004,"Wayne Ramirez"
11009,"Vielka Y. Jackson"
11010,"Penelope Welch"
11011,"Garth Roberson"
11012,"Mariam U. Griffith"
11016,"Ruth S. Patel"
11017,"Brianna U. Mann"
11019,"Dolan A. Vang"
11021,"Gannon R. Ramos"
11022,"Doris Reilly"
11023,"Chandler N. Mercer"
11026,"Tashya Y. Moreno"
11027,"Eagan C. Yang"
11028,"Veronica Estrada"
11029,"Camilla H. Lyons"
11032,"Carl E. Duffy"
11033,"Amity Mueller"
11034,"Coby Wooten"
11037,"Astra Levine"
11038,"Vance Tran"
11040,"Lavinia Stephenson"
11041,"Brenna C. White"
11043,"Thomas M. Shelton"
11044,"Elton H. Sparks"
11045,"Omar Pitts"
11052,"Fleur Y. Raymond"
11056,"Claire Church"
11059,"Jameson R. Mendoza"
11062,"Kelsie U. Pugh"
11064,"Giselle Rasmussen"
11067,"Mercedes Knox"
11071,"Russell Zimmerman"
11073,"Vivien Rocha"
11074,"Drake E. Bell"
11078,"Hamilton Cross"
11080,"Larissa N. Benton"
11081,"Chester Larsen"
11082,"Lara Briggs"
11087,"Amelia D. Murphy"
11090,"Juliet R. Manning"
11091,"Shelby M. French"
11094,"Kiara A. Stark"
11095,"Dora Z. Dorsey"
11097,"Tamekah S. Forbes"
11098,"Ira R. Joyner"
11099,"Wayne W. Jefferson"
11101,"Destiny P. Spears"
11102,"Vance U. Harper"
11104,"Delilah U. Blake"
11105,"Baxter X. Ross"
11106,"Shaeleigh W. Mcclain"
11107,"Caesar Lester"
11110,"Amela U. Whitney"
11113,"Hanae L. Gamble"
11114,"Ina Whitaker"
11121,"Noelani Carey"
11126,"Nathan Nolan"
11127,"Larissa K. Reeves"
11130,"Shaeleigh Lloyd"
11131,"Sharon Silva"
11132,"Moses D. Villarreal"
11139,"Joshua O. Ingram"
11140,"Wylie V. Glenn"
11144,"Lucian Sloan"
11147,"Imani Dyer"
11151,"Armand Riddle"
11155,"Slade Cook"
11156,"Penelope S. Roy"
11158,"Ursa Warren"
11160,"Blythe Gregory"
11165,"Nevada Townsend"
11166,"Dahlia O. Vaughan"
11168,"Judah Shannon"
11169,"Chancellor E. Eaton"
11172,"Tiger Barrett"
11174,"Minerva Clayton"
11176,"Kelsey Whitney"
11177,"Iona Walker"
11181,"Savannah Carter"
11182,"Dexter Roman"
11183,"Kasper G. Black"
11184,"Zorita Watts"
11185,"Wendy Daniels"
11187,"Samantha Q. Rivera"
11189,"Tasha Y. Richard"
11190,"Bree Q. Hutchinson"
11191,"Victor H. Franks"
11192,"Holly Buck"
11193,"Sophia Stuart"
11195,"Medge W. Fletcher"
11200,"Charde X. Villarreal"
11201,"Fallon I. Cummings"
11203,"Halee Hebert"
11205,"Destiny Olsen"
11207,"Camden N. Luna"
11210,"Kaye Holder"
11211,"Ora Estrada"
11213,"Finn Thornton"
11214,"Adrian Moreno"
11215,"Thane U. Hampton"
11216,"Hillary Z. Lindsay"
11217,"Virginia X. Quinn"
11218,"Cade L. Finch"
11220,"Carly Mason"
11223,"Sigourney K. Powers"
11229,"Lane Peck"
11231,"Whoopi E. Hicks"
11235,"Jack Hopper"
11239,"Willa Z. Waller"
11241,"Xerxes Bell"
11242,"Eagan Mccall"
11247,"Linda James"
11248,"Lev T. Burke"
11250,"Brianna Nelson"
11251,"Ferris R. Gonzalez"
11252,"Amal Dickson"
11254,"Tamekah X. Fitzpatrick"
11255,"Diana York"
11257,"Xenos Hull"
11259,"Jermaine Tanner"
11261,"Ishmael Prince"
11264,"Robin E. Nieves"
11265,"Ishmael G. Mann"
11266,"Hiroko E. Adkins"
11268,"Blake K. Vaughan"
11269,"Christian Flowers"
11270,"Olivia P. Moody"
11277,"Nyssa Gates"
11281,"Tiger Burnett"
11283,"Nell Bryan"
11284,"Rhonda P. Rutledge"
11287,"Illana Montoya"
11288,"Zia Calhoun"
11290,"Ira Calderon"
11293,"Hayley Benton"
11294,"Lydia Booth"
11295,"Tamekah Dillard"
11296,"Austin Oliver"
11297,"Kim V. Middleton"
11299,"Barrett T. Pugh"
11301,"Zachery Carpenter"
11302,"Emily N. Blackwell"
11304,"Rogan Leach"
11309,"Rhonda A. Blackburn"
11316,"Salvador S. Wilkerson"
11318,"Aiko Petersen"
11319,"Jaquelyn Moore"
11320,"May Macdonald"
11321,"Chancellor Bruce"
11322,"Elmo H. Duke"
11325,"Michael Odonnell"
11328,"Brandon X. Hinton"
11330,"Penelope Sullivan"
11331,"Wynne E. Miller"
11332,"Shaine Burnett"
11333,"Lois N. Alexander"
11334,"Francesca Craig"
11335,"Erica O. Atkins"
11338,"Lee Travis"
11340,"Malcolm G. Tyler"
11343,"Alice Cabrera"
11345,"Leslie Ramsey"
11346,"Rina P. May"
11349,"Phyllis Wyatt"
11352,"Caleb E. Deleon"
11355,"Sylvester Barton"
11356,"Jayme Bolton"
11357,"Ferdinand Mcfadden"
11358,"Jaime Duke"
11359,"Kylan Atkinson"
11364,"Jessamine F. Burks"
11368,"Isaac W. Wyatt"
11370,"Clayton Newman"
11375,"Hollee Guy"
11376,"Drew Kline"
11378,"David R. Abbott"
11379,"Joseph X. Walsh"
11380,"Cullen E. Rojas"
11381,"Wynter Wagner"
11382,"Naomi O. Snider"
11385,"Zachary Odonnell"
11388,"Grace P. Christian"
11390,"Juliet Collins"
11393,"Quyn B. Cummings"
11394,"Uta A. Cardenas"
11395,"Leila R. Figueroa"
11396,"Cade Williamson"
11399,"Malcolm Jordan"
11401,"Amena Q. Copeland"
11404,"Paloma P. Obrien"
11405,"Ila L. Herrera"
11407,"Meghan W. Mason"
11409,"Harriet Carter"
11412,"Thomas Nelson"
11414,"Casey R. Whitaker"
11416,"Richard C. Reilly"
11419,"Angelica Sexton"
11420,"Lionel Hartman"
11421,"Hedda L. Hester"
11423,"Alexa X. Holder"
11425,"Ulric Murray"
11432,"David Stein"
11433,"Cameran Barr"
11436,"Lionel C. Joseph"
11444,"Emily Carney"
11445,"Matthew Gibson"
11446,"Barbara C. Goodwin"
11449,"Vance Parsons"
11450,"Marcia G. Tate"
11451,"Dacey R. Hansen"
11453,"Mufutau Finley"
11455,"Benjamin Q. Dodson"
11456,"Chloe Lawrence"
11457,"Eric Mcpherson"
11460,"Stacy Y. Small"
11462,"Lilah Snyder"
11470,"Molly Cox"
11472,"Scarlet Prince"
11474,"Gemma H. Osborn"
11476,"Arthur C. Rodriquez"
11477,"Zia George"
11479,"Bell Lancaster"
11482,"Channing T. Sellers"
11484,"Erich Lamb"
11485,"Hope R. Alvarez"
11487,"Edan Morin"
11491,"Declan R. Kinney"
11494,"Bruno Hayden"
11495,"Wyatt P. Herrera"
11498,"Kenneth E. Walker"
11500,"Zahir Q. Calderon"
11504,"Hasad I. Scott"
11507,"Jemima D. Caldwell"
11508,"Inez P. Stewart"
11511,"Graiden Frost"
11512,"Quintessa F. English"
11513,"September V. Holden"
11514,"Halee U. Contreras"
11516,"Farrah G. Chandler"
11517,"Alfreda Howard"
11518,"Angela Cardenas"
11520,"Mara N. Murray"
11523,"Penelope H. Mcintosh"
11524,"Ima V. Parsons"
11533,"Brandon Mullins"
11534,"Giacomo L. Kerr"
11535,"Gage Puckett"
11536,"Cairo Q. Chase"
11538,"Wayne Warner"
11539,"Lillith Fuentes"
11541,"Evelyn Holman"
11542,"Slade X. Frazier"
11544,"Zenia Z. Vargas"
11549,"Audra Curry"
11551,"Colorado Franklin"
11552,"Cadman V. Haney"
11553,"Simone Murphy"
11556,"Summer W. Cameron"
11560,"Pearl U. Mcdonald"
11561,"Lionel Bates"
11562,"Maile Bates"
11563,"Lacey Jimenez"
11567,"Zelenia Arnold"
11568,"Oliver Blair"
11569,"Hayden Y. English"
11570,"Alexandra U. Fitzpatrick"
11571,"Tiger G. Browning"
11573,"Graham Knox"
11576,"Harlan Ratliff"
11577,"Myra Kirk"
11578,"Tana Levine"
11582,"Zorita Keith"
11583,"Alana W. Ray"
11586,"Autumn Patton"
11587,"Finn H. Santiago"
11589,"Rhona H. Jackson"
11591,"Nomlanga Holmes"
11592,"Cairo Briggs"
11594,"Edan B. Ewing"
11596,"Logan X. Petty"
11599,"Francesca Klein"
11600,"Seth Wolfe"
11601,"Gray A. Coffey"
11602,"Natalie Evans"
11604,"Ezekiel Rocha"
11605,"Germane R. Moreno"
11607,"Brock Buckley"
11608,"Nola K. Franks"
11609,"Joelle L. Poole"
11610,"Lewis Skinner"
11611,"Ivy G. Reilly"
11612,"Medge Mejia"
11615,"Skyler Moore"
11620,"Harlan I. Banks"
11627,"Orli Q. Garrett"
11628,"Lenore K. Hart"
11629,"Richard Floyd"
11631,"Kasper E. Steele"
11633,"Dennis Reyes"
11636,"Neve V. Ingram"
11637,"Christen Q. Rhodes"
11642,"Aurora Gibson"
11645,"Minerva Beasley"
11646,"Quinn F. Ayers"
11654,"Pandora Landry"
11656,"Sade S. Daugherty"
11657,"Hadley Petersen"
11659,"Daria T. Marsh"
11661,"May E. Arnold"
11667,"Florence K. Farmer"
11669,"Helen S. Santana"
11674,"Galena L. Fields"
11675,"Palmer A. York"
11676,"Sydnee Sharp"
11678,"Kylee Fuller"
11680,"Alexandra Hill"
11684,"Fulton Huff"
11690,"Jelani Rivas"
11691,"Burke L. Mccall"
11692,"Len C. Downs"
11694,"Benedict O. Gross"
11696,"Jack Waller"
11697,"Darius R. Lyons"
11700,"Jada Graham"
11702,"Amelia I. Best"
11707,"Amela P. Frost"
11708,"Justin Conley"
11711,"Tamekah Dixon"
11714,"Colin E. Lucas"
11715,"Ulric Wise"
11717,"Erica Barr"
11719,"Olympia C. Rowland"
11720,"Kiona Travis"
11723,"Yasir Horn"
11724,"Harrison L. Randall"
11725,"Mari F. Hyde"
11727,"Brittany G. Dawson"
11728,"Armando Kane"
11734,"Zorita J. Fleming"
11736,"Zahir J. Pierce"
11737,"Kareem Tillman"
11738,"Blossom Y. Marquez"
11741,"Maxine Y. Ramos"
11742,"Kaden Benson"
11746,"Candace Q. Gaines"
11747,"Camille Dillon"
11750,"Jakeem Wolf"
11757,"Halee Valentine"
11761,"Michelle F. Gray"
11764,"Serena P. Wilkerson"
11766,"Lani Alvarez"
11768,"Kirk W. Gentry"
11769,"Blaze S. Pugh"
11770,"Camille K. Ward"
11773,"Chaim Smith"
11786,"Lael Mcfadden"
11789,"Samuel W. Cohen"
11792,"Bianca R. Espinoza"
11793,"Lila O. Guerrero"
11794,"Kylee Nash"
11796,"Garth B. Trevino"
11798,"Mercedes P. Barnes"
11799,"Burke O. Valdez"
11800,"Alexis M. Holloway"
11801,"Candice Aguilar"
11802,"Xantha W. Best"
11803,"Cameron V. Bradley"
11804,"Barclay P. Richards"
11807,"Fulton Sears"
11809,"Magee X. Adams"
11812,"Joseph L. Walsh"
11816,"Gloria Knox"
11817,"Hermione Farley"
11818,"Isabella J. Parker"
11819,"Angelica Murphy"
11821,"Nathan A. Bray"
11822,"Cooper Lang"
11823,"Mara C. Riddle"
11824,"Daniel Steele"
11825,"Darius V. Noble"
11826,"Velma U. Key"
11830,"Kaitlin U. Long"
11831,"Joy Hawkins"
11834,"Maryam O. Reilly"
11835,"Moses Emerson"
11840,"Dale R. Mcmahon"
11841,"Uma Cash"
11844,"Amaya Lyons"
11845,"Miriam Serrano"
11846,"Griffin O. Morrow"
11848,"Hedy T. Strickland"
11850,"Alyssa J. Booth"
11852,"Francesca Schwartz"
11863,"Samuel Gonzalez"
11867,"Garrison Lee"
11868,"Quincy Y. Phillips"
11874,"Mercedes M. Bryan"
11876,"Castor Rodriguez"
11880,"Cole G. Jarvis"
11881,"Hashim Hartman"
11885,"McKenzie S. Burt"
11886,"Dante Vasquez"
11888,"Fulton Wynn"
11889,"Magee Vincent"
11891,"Casey Pope"
11892,"Maggie N. Mayo"
11895,"Kaseem S. Jackson"
11898,"Donna Sutton"
11901,"Remedios Griffin"
11904,"Jenette H. Avila"
11907,"Isaiah W. Miller"
11910,"Wade Guy"
11912,"Allen Macias"
11914,"Heather Ochoa"
11919,"Russell Casey"
11920,"Irma Zimmerman"
11921,"Mercedes V. Sampson"
11923,"Samantha E. Decker"
11925,"Shelly Coleman"
11926,"Castor Mullen"
11930,"Yvonne M. Orr"
11932,"Dennis E. Wise"
11933,"Lillith D. Graves"
11934,"Kelsie Beach"
11935,"Mari Hopper"
11936,"Gabriel R. Maxwell"
11937,"Harding J. Haynes"
11938,"Ivor D. Kane"
11943,"Elliott Goff"
11946,"Leroy Hart"
11949,"Christopher N. Coleman"
11950,"Mufutau D. Mooney"
11951,"Ralph Z. James"
11952,"Erin R. Atkinson"
11953,"Zoe U. Rosales"
11954,"Burke V. Blankenship"
11956,"Ferdinand Vinson"
11958,"Magee X. Holmes"
11963,"Medge Avila"
11965,"Cullen Baldwin"
11967,"Gillian I. Mercer"
11970,"Asher Mccarty"
11974,"Rudyard D. Barrett"
11975,"Tamekah B. Wyatt"
11976,"Skyler U. Dalton"
11978,"Nicholas Solomon"
11986,"Harrison Mercado"
11988,"Kane X. Hayes"
11989,"Brendan X. Marquez"
11990,"Carl Campbell"
11992,"Judith B. Dejesus"
11993,"Emery Mccarthy"
11994,"Brianna Haley"
11996,"Adam Morin"
11997,"Dean M. Hawkins"
11999,"Paul N. Reeves"
12000,"Chantale T. Lucas"
12003,"Irene N. Vinson"
12004,"Wayne Z. Moss"
12007,"Kirestin Crawford"
12008,"Ocean Cardenas"
12009,"Brody Mendoza"
12010,"Minerva Lamb"
12013,"Meredith V. Castillo"
12016,"Bianca W. Gonzalez"
12019,"Barclay Q. Munoz"
12022,"Colorado Delgado"
12023,"Rhona Curtis"
12025,"Tatiana Gould"
12026,"Claire F. Mayer"
12028,"Ariana Blanchard"
12031,"Eden S. Melendez"
12032,"Ray Blake"
12033,"Hall O. Sanders"
12034,"Curran L. Coffey"
12036,"Richard Z. Barlow"
12038,"Gloria T. Keller"
12040,"Imani F. Carrillo"
12042,"Honorato Livingston"
12044,"Omar Bond"
12045,"Inga P. Flynn"
12046,"Britanney V. Strong"
12047,"Linus Tucker"
12053,"Heidi P. Simmons"
12054,"Amela P. Carson"
12057,"Alexandra Monroe"
12059,"Ila V. Villarreal"
12061,"Aubrey Q. Lancaster"
12063,"Doris Rivera"
12065,"Steven U. Peterson"
12066,"Heidi S. Stokes"
12068,"Eaton Puckett"
12069,"Marah Valentine"
12070,"Zelenia F. Weeks"
12071,"Gabriel C. Hodge"
12072,"Ralph Q. Travis"
12073,"Maggie Keith"
12075,"Hunter Jacobs"
12078,"Urielle D. Rosales"
12081,"Ann O. Powers"
12082,"Hope J. Hurley"
12086,"Fiona Dyer"
12092,"Florence L. Ramirez"
12093,"Ava D. Austin"
12094,"Xantha Fields"
12098,"Holly A. Everett"
12101,"Leandra H. Peck"
12104,"Jermaine V. Mcintyre"
12106,"Bert Nelson"
12108,"Bell Q. Wilkerson"
12109,"Shea Head"
12110,"Nash O. Schultz"
12112,"Sopoline A. Morales"
12113,"Garrett W. Gardner"
12114,"Zeph Kemp"
12115,"Mark L. Peterson"
12116,"Willa U. Richard"
12117,"Giselle Edwards"
12123,"Nigel Sellers"
12125,"Ursula Franco"
12127,"Brandon Barr"
12128,"Emma Brennan"
12132,"Armando Mason"
12133,"Gabriel N. Hull"
12135,"Hadassah M. Casey"
12136,"Nina R. Mann"
12137,"Axel Z. Dodson"
12138,"Eve Walls"
12139,"Jada R. Payne"
12140,"Desirae Cross"
12141,"Zeus Rivers"
12144,"Brock Kennedy"
12149,"Keaton Cohen"
12150,"Ivan Q. Richard"
12155,"Tucker F. Harris"
12158,"Mariam A. Dillard"
12161,"Blossom V. Barton"
12162,"Colt Camacho"
12163,"Chaney Santana"
12165,"Kirby A. Mooney"
12167,"Fitzgerald Beck"
12169,"Willow Robbins"
12170,"Kerry U. Witt"
12177,"Colby X. Roberson"
12180,"Mercedes N. Blanchard"
12181,"Chava Levine"
12183,"Naomi O. Compton"
12184,"Madeline Berg"
12186,"Zeus Hensley"
12189,"Leo F. Burch"
12192,"Claudia Dotson"
12193,"Geoffrey H. Francis"
12194,"Madeson X. Garcia"
12198,"Kyla W. Galloway"
12200,"Sophia N. Moreno"
12202,"Nola C. Henderson"
12203,"Abra Jones"
12207,"Alfreda Young"
12210,"Brenna V. Ellis"
12212,"Evelyn U. Giles"
12215,"Brenna Moody"
12216,"Megan F. Ware"
12224,"Echo Matthews"
12227,"Vanna Hansen"
12228,"Amela Small"
12229,"Desirae L. Whitley"
12230,"Len Pierce"
12231,"Justin Sheppard"
12232,"Jena Boyer"
12233,"Alfreda Mejia"
12235,"Sawyer Mcgowan"
12236,"Luke Howard"
12237,"Harrison F. Kidd"
12242,"Scott P. Pratt"
12246,"Mariam O. Roy"
12251,"Barbara Mccray"
12256,"Micah F. Duncan"
12260,"Hanna Conner"
12261,"Francis T. Haynes"
12266,"Echo W. Carey"
12267,"Zachery Morrison"
12268,"Jakeem J. Donaldson"
12275,"Levi Tate"
12277,"Merrill Gray"
12279,"Jaquelyn Burke"
12280,"Lilah Q. Sargent"
12282,"Penelope C. Castaneda"
12283,"Donovan Hogan"
12284,"Armando B. Strong"
12286,"Adria S. Richards"
12287,"Mia Duke"
12290,"Olga Guerra"
12299,"Azalia V. Hopkins"
12300,"Vera Roman"
12303,"Ocean Haney"
12306,"Cameran Everett"
12307,"Fuller Q. Shannon"
12308,"Amy Santos"
12321,"MacKensie X. Holloway"
12322,"Francis Rich"
12323,"Abra I. Hays"
12327,"Jillian Curry"
12330,"Isadora E. Parks"
12332,"Lydia N. Horne"
12333,"Lewis J. Smith"
12334,"Moana Y. Jacobs"
12339,"Dustin Y. Dillon"
12341,"Quinn B. Wise"
12342,"Dora O. Dalton"
12343,"Herrod L. Kirby"
12345,"Giacomo P. Washington"
12346,"Ainsley H. Kelly"
12347,"Haley T. Bates"
12350,"Damon J. Cameron"
12351,"Jacob Carver"
12352,"Keiko L. Justice"
12353,"Kasimir Trevino"
12355,"Wesley U. Porter"
12356,"Yetta Stafford"
12358,"Bruce Mcknight"
12359,"Yoshi Q. Moody"
12362,"Lester Y. Bonner"
12363,"Sierra Abbott"
12364,"Aristotle Estrada"
12365,"Howard S. Black"
12366,"Stuart Levy"
12367,"Lenore G. Merrill"
12370,"Harrison Z. Pennington"
12375,"Beau Ball"
12382,"Caryn Macdonald"
12383,"April Moon"
12384,"Keane V. Vang"
12385,"Elizabeth U. Lewis"
12386,"Tallulah V. Patterson"
12387,"Olivia U. Clayton"
12391,"Clark Kerr"
12392,"Laurel Mcgee"
12395,"Gretchen Rodriquez"
12398,"Kylie X. Burt"
12400,"Victor O. Houston"
12401,"Dale F. Bass"
12406,"Deanna Booth"
12407,"Tyler N. Mccormick"
12410,"Sean R. Hale"
12411,"Ivor K. Baird"
12414,"Uriel Phillips"
12415,"Brenden O. Lyons"
12416,"Liberty Hardy"
12417,"Kirestin David"
12418,"Sasha T. Carr"
12419,"Pearl Briggs"
12424,"Kai Robinson"
12425,"McKenzie K. Johnson"
12426,"Maisie Guerra"
12427,"Kirestin Tillman"
12428,"Clarke Kinney"
12431,"Mikayla E. Chase"
12432,"Indira M. Glass"
12434,"Raphael N. Duffy"
12437,"Keiko D. Byers"
12438,"Tana Morris"
12440,"Elmo Lambert"
12441,"Ezra Massey"
12442,"Lucy Fox"
12445,"Katell Adkins"
12446,"Shaine Cain"
12447,"Garrison Dalton"
12451,"Ashton Gray"
12452,"Ryder Mcclure"
12453,"Trevor W. Sweeney"
12457,"Avram A. Pacheco"
12458,"Thaddeus K. Leonard"
12460,"Bryar Petersen"
12462,"Eden Tran"
12464,"Montana Rivers"
12468,"Cecilia Booth"
12470,"Cyrus Barrett"
12475,"Aaron F. Sampson"
12480,"John H. Elliott"
12481,"Gavin Sullivan"
12490,"Britanney D. Ball"
12491,"Brian X. Franklin"
12492,"Britanney Burt"
12493,"Kirsten Vincent"
12495,"Urielle V. Valencia"
12497,"Theodore B. Mcintyre"
12499,"Alexander Wallace"
12500,"Savannah Dunn"
12501,"Naida V. Matthews"
12504,"Dai Rasmussen"
12505,"Ishmael F. English"
12506,"Cailin Osborn"
12507,"Josiah Flores"
12508,"Sage Phelps"
12510,"Regina B. Rios"
12515,"Dieter Oliver"
12516,"Martena U. Sanders"
12518,"Melanie V. Hayden"
12519,"Amber Knox"
12521,"Hadassah Ballard"
12522,"Marvin A. Patel"
12528,"Chaim H. Dean"
12529,"Allistair O. Wilkinson"
12536,"Alexandra C. Acevedo"
12538,"Harrison M. Kirkland"
12539,"Cadman X. Dalton"
12540,"Raymond Kent"
12541,"September Rose"
12542,"Mari I. Moses"
12543,"Uriel Duran"
12544,"Ulysses Conway"
12546,"Keefe U. Snider"
12549,"Zahir Carson"
12550,"Lila W. Hughes"
12554,"Keith Solomon"
12557,"Odessa Warner"
12560,"Nina K. Curry"
12562,"Bell Haley"
12564,"Brady Ashley"
12566,"Xander E. Parker"
12569,"Edward D. Alvarado"
12570,"Aimee Kline"
12571,"Paula Lamb"
12572,"Buckminster Holt"
12574,"Orlando Z. James"
12576,"Lester K. Scott"
12578,"Winifred Summers"
12579,"Chase S. Estes"
12581,"Thaddeus J. Hunt"
12582,"Jonah I. Jackson"
12583,"Mariko Zamora"
12584,"Dominic X. Nelson"
12586,"Drew Marks"
12587,"Kelsey Pickett"
12588,"Kirby Barron"
12590,"Amal Bradley"
12591,"Ayanna E. Rosa"
12592,"Sophia Langley"
12595,"Hope Gardner"
12596,"Rajah K. Ray"
12598,"Gillian S. Parsons"
12600,"Zeph L. Chambers"
12601,"Timothy Q. Morris"
12603,"Reece Q. Park"
12605,"Dillon Hale"
12606,"Wang Mendoza"
12609,"Hadassah K. Merritt"
12610,"Hilary Combs"
12613,"Yvette Castillo"
12615,"Phelan Mayo"
12617,"Stacy N. Abbott"
12618,"Brielle Booker"
12619,"Jermaine Davis"
12620,"Clinton E. Barrett"
12621,"Elizabeth Y. Coffey"
12622,"Ariel K. Hewitt"
12623,"Hadassah Hewitt"
12625,"Elmo X. Cobb"
12626,"Omar S. Mcbride"
12627,"Jolene West"
12628,"Wade F. Knight"
12632,"Veda Booker"
12633,"Eden Tyson"
12636,"Cora Singleton"
12638,"Darrel Baldwin"
12639,"Evelyn U. Kennedy"
12640,"Kane Bryan"
12641,"John F. Leonard"
12642,"Chantale Hayden"
12644,"Savannah H. Matthews"
12647,"Melanie Rutledge"
12650,"Velma Ferguson"
12652,"Charlotte Kinney"
12654,"Neville Abbott"
12661,"Arden E. Levine"
12664,"Mariko Buck"
12665,"Timothy M. Harding"
12667,"Nadine N. Combs"
12668,"Karly X. Floyd"
12669,"Phelan K. Palmer"
12672,"Ifeoma Z. Hodge"
12674,"Naomi Q. Gaines"
12676,"Logan L. Houston"
12678,"Kimberley E. Buck"
12682,"Irene Tyler"
12683,"Raja L. Crawford"
12684,"Griffith Z. Parrish"
12685,"Tatum Watson"
12690,"Kellie Lynch"
12691,"Phoebe Pennington"
12694,"Giacomo Nunez"
12695,"Xantha Berg"
12696,"Aileen Cain"
12697,"Carolyn A. Mckenzie"
12700,"Cathleen N. Craft"
12702,"Raja A. Stout"
12704,"Damon Abbott"
12708,"Baxter Munoz"
12712,"Caryn Bird"
12713,"Isaac Rasmussen"
12715,"Barrett J. Mcneil"
12716,"Aileen Bailey"
12718,"Dacey J. Davis"
12723,"Odessa M. Davenport"
12726,"Oscar Floyd"
12728,"Serena Y. Wynn"
12729,"Hu Talley"
12731,"Samantha Z. Castaneda"
12732,"Warren C. Hughes"
12735,"Tara K. Nguyen"
12736,"Athena Pennington"
12737,"Jemima L. Alvarez"
12738,"Wynter P. Villarreal"
12739,"Nasim Sloan"
12740,"Tatyana I. Bowen"
12742,"Frances Rogers"
12744,"Fay Webster"
12746,"Hanna C. Hunter"
12748,"Kathleen Webster"
12750,"Ora Hardin"
12752,"MacKensie Potter"
12753,"Zachary Coffey"
12756,"Maite Simmons"
12757,"MacKenzie A. Jacobson"
12759,"Lucas M. Blackburn"
12762,"Bevis Golden"
12763,"Cecilia Robbins"
12764,"Miriam Q. Guerra"
12765,"Ginger P. Dotson"
12767,"Dai Rich"
12772,"Cecilia Pierce"
12773,"Mufutau Larsen"
12775,"Dexter U. Maldonado"
12777,"Bradley A. George"
12779,"Nomlanga A. Kramer"
12781,"Igor F. Buchanan"
12782,"Kennedy W. Atkinson"
12783,"Cassady Bowman"
12784,"Brenden Wooten"
12787,"Nevada Hill"
12790,"Sage Turner"
12792,"Branden V. Ross"
12793,"Shellie Torres"
12794,"Nissim Yang"
12795,"Sharon Flowers"
12798,"Nigel Q. Walters"
12799,"Jamal B. Holcomb"
12802,"Farrah M. Casey"
12804,"Debra Woodard"
12805,"Suki Rasmussen"
12806,"Wilma Gay"
12807,"Carol J. Pitts"
12814,"Jaquelyn P. Watts"
12819,"Oprah Tillman"
12821,"Mark L. Crosby"
12824,"Keely W. Bartlett"
12825,"Shannon Nichols"
12826,"Ginger Ewing"
12827,"Griffin Ross"
12828,"Eaton S. Kent"
12831,"Halee Q. Patrick"
12832,"Lester G. Turner"
12833,"Devin A. Houston"
12834,"Gary Q. Leach"
12836,"Beck I. Terrell"
12837,"Martha Greer"
12838,"Thaddeus Espinoza"
12839,"Renee Cannon"
12840,"Clayton J. Crosby"
12842,"Lee Simon"
12843,"Fallon F. Le"
12846,"Alyssa Spencer"
12847,"Elliott Bender"
12848,"Jolene B. Hall"
12849,"Marvin Daugherty"
12854,"Idola Mcfarland"
12855,"Ayanna R. Oneil"
12858,"Gavin Bryant"
12859,"Leilani M. West"
12862,"Shea Espinoza"
12864,"Lester Hale"
12865,"Merrill Blake"
12866,"Rooney Williams"
12867,"Wayne Scott"
12869,"Flynn Simpson"
12873,"Melissa B. Ramirez"
12874,"Jonah C. Mccarty"
12876,"Tatum Ruiz"
12877,"Baxter B. Giles"
12879,"Andrew D. Acevedo"
12880,"Nerea J. Caldwell"
12881,"Kelsie Duran"
12883,"Britanney Ryan"
12885,"Roanna Logan"
12892,"Isabella Norman"
12893,"Ramona Y. Avila"
12896,"Judith U. Conway"
12897,"Cynthia Keller"
12901,"Lawrence T. Gutierrez"
12902,"Isadora Baker"
12905,"Vera Neal"
12906,"Laura Booth"
12908,"Wallace Q. Kirkland"
12912,"India E. Wilcox"
12913,"Lacey W. Knox"
12915,"Mannix J. Hoover"
12918,"Alan Leon"
12919,"Idona Z. Oneil"
12921,"Leila N. Bentley"
12922,"Colin Massey"
12923,"Devin Sims"
12924,"Vladimir Puckett"
12927,"Jeremy Skinner"
12928,"Kay Willis"
12929,"Nell H. Gibbs"
12930,"Judith N. Jacobs"
12933,"Jonas F. Stevenson"
12937,"Gage Potts"
12939,"Aaron X. Mcleod"
12940,"Xanthus Z. Hicks"
12942,"Iola Y. Puckett"
12944,"Deborah Goodman"
12945,"Kiayada Prince"
12946,"Sonia Craft"
12951,"Berk I. Christensen"
12952,"Regina U. Rush"
12953,"Igor Booth"
12954,"Demetrius K. Hoffman"
12955,"Yasir B. Cobb"
12956,"Gloria Fry"
12958,"Belle Q. Stone"
12959,"Leigh I. Mcintosh"
12960,"Dustin K. Allison"
12961,"Chava K. Hardy"
12965,"Neil M. Mckenzie"
12966,"Jana L. Rosario"
12967,"Amethyst M. Becker"
12969,"Katell Watson"
12970,"Leilani E. Glass"
12973,"Orla Z. Hale"
12974,"Steven J. Vasquez"
12977,"Murphy Rasmussen"
12980,"Herrod Finch"
12981,"Reece Holmes"
12986,"Rahim O. Shaffer"
12990,"Chava Hebert"
12992,"Wanda M. Tyler"
12994,"Germaine M. Suarez"
12998,"Prescott Curtis"
12999,"Berk X. Mcleod"
13002,"Merrill O. Clay"
13007,"Kenyon Z. Wolf"
13008,"Nero H. Gilbert"
13012,"Kirk Albert"
13013,"Cally R. Warner"
13014,"Ainsley J. Huber"
13015,"Rylee Q. Wilkins"
13020,"Josephine U. Baldwin"
13022,"Elton E. Bridges"
13025,"Porter Guthrie"
13026,"Raphael Ortega"
13030,"Ava P. Slater"
13031,"Remedios B. Sullivan"
13032,"Sophia Benson"
13035,"Jolie Petty"
13037,"Daniel G. Green"
13038,"Althea Norris"
13042,"Uma Cain"
13043,"Steven K. Crawford"
13044,"Chandler Case"
13046,"Mary Walsh"
13048,"Ursa Clements"
13052,"Xanthus Z. Cash"
13053,"Malik Benson"
13054,"Marcia Irwin"
13055,"Camille Mccullough"
13057,"Fuller Obrien"
13059,"Rebecca Boyer"
13061,"Amos Hatfield"
13063,"Amy Slater"
13065,"Dane Riggs"
13066,"Denise Rasmussen"
13067,"Magee Terry"
13070,"Benjamin V. Bowers"
13071,"Octavia I. Dorsey"
13073,"Elliott T. Randall"
13074,"Orson Z. Morris"
13077,"Aubrey Brewer"
13078,"Graham L. Banks"
13079,"Leah E. Flynn"
13080,"Patricia G. Vaughan"
13086,"Asher Allen"
13089,"Jerry Z. Fuentes"
13092,"TaShya C. Fletcher"
13093,"Blake Kelley"
13094,"Berk Turner"
13096,"Hayley A. Clemons"
13097,"Bryar A. Bruce"
13098,"Sharon W. Walter"
13101,"Janna Navarro"
13102,"Ramona Allen"
13103,"Galvin Galloway"
13108,"Emerson F. Shepard"
13109,"Xaviera Faulkner"
13114,"Macon Vaughn"
13120,"Ursa X. Rich"
13122,"Timothy Q. Baker"
13127,"Lara X. Mullins"
13128,"Alan T. Dyer"
13131,"Nero W. Mejia"
13132,"Chester Vinson"
13136,"Lamar Joyce"
13137,"Serina Bright"
13138,"Olga Stevenson"
13142,"Kirestin Holmes"
13145,"Illiana Rogers"
13147,"Tanya Poole"
13148,"Cassady Noble"
13149,"Brent Spence"
13150,"Mallory Z. Munoz"
13151,"Ahmed G. Bryant"
13153,"Chancellor Anderson"
13155,"Gisela Mosley"
13156,"Margaret E. Nelson"
13159,"Deacon Decker"
13160,"Geoffrey U. Small"
13161,"Isabelle V. Jimenez"
13162,"Anne Brown"
13163,"Sloane A. Everett"
13164,"Maite Malone"
13168,"Darryl G. Hurley"
13171,"Pearl G. Walls"
13173,"Libby P. Whitehead"
13174,"Jana H. Morse"
13175,"Neil N. Burnett"
13178,"Brock Pena"
13179,"Stephanie Z. Odonnell"
13181,"Dominique Q. Allen"
13183,"Kaye Z. Herring"
13184,"Alden Y. Kirby"
13185,"Cailin K. Lopez"
13189,"Isabella Bird"
13190,"Quintessa Munoz"
13191,"Chanda F. York"
13192,"Asher N. Maynard"
13196,"Armando X. Santiago"
13197,"Sydnee Klein"
13199,"Boris Hull"
13201,"Indigo Fowler"
13203,"Yasir O. Whitfield"
13204,"Sheila I. Robertson"
13205,"Phillip Stevens"
13207,"Yael G. Payne"
13210,"Maia D. Bradshaw"
13212,"Tanek U. Wilcox"
13213,"Montana O. Hughes"
13214,"Risa Marks"
13216,"Zena P. Bolton"
13219,"Kylee X. William"
13221,"Ingrid S. Riley"
13222,"Vaughan D. Galloway"
13225,"Indira Mack"
13228,"Guy Santiago"
13229,"Priscilla L. Reynolds"
13234,"Alexander Ashley"
13235,"Flavia Snider"
13237,"Kyle S. Salinas"
13239,"Donna L. Martinez"
13240,"Ulla N. Wells"
13241,"Aladdin T. Moore"
13243,"Abbot Gill"
13245,"Amery Z. Walton"
13250,"Kylie Freeman"
13251,"Katell W. Cooper"
13252,"Theodore S. Calhoun"
13253,"Jasmine I. Daniel"
13257,"Melodie L. Whitley"
13259,"Petra Z. Mcpherson"
13260,"Cora Flynn"
13262,"Jamal Graham"
13263,"Dalton Peters"
13265,"Micah Summers"
13266,"Brenda Z. Sawyer"
13267,"Basia Briggs"
13269,"McKenzie Solis"
13272,"Walter Riley"
13274,"Quyn Mullins"
13279,"Ima Crosby"
13281,"Haviva B. Burris"
13282,"Owen H. Knowles"
13283,"Alana Miller"
13285,"Moana Hanson"
13288,"Shaeleigh F. Levine"
13289,"Dacey W. Callahan"
13292,"Christopher O. Kelley"
13293,"Colby Charles"
13295,"Demetrius Q. Clarke"
13298,"Lisandra Mercado"
13301,"Dillon Huffman"
13302,"Constance V. Barron"
13303,"Ashely Patrick"
13304,"Shelly Christian"
13307,"Evan Huffman"
13309,"Claudia X. Huff"
13313,"Christian Z. Bray"
13316,"Idona P. Adkins"
13318,"Nicole Young"
13319,"Kimberley Garrett"
13321,"Xenos V. Casey"
13325,"Jolie Vinson"
13326,"Bethany Riley"
13327,"Rana W. Adams"
13328,"Scarlet V. Schwartz"
13330,"Lester Peck"
13332,"Melissa Donaldson"
13334,"Genevieve D. Nicholson"
13335,"Solomon Baxter"
13336,"Bert F. Chase"
13337,"Grady Farmer"
13338,"Robert Hancock"
13339,"Nyssa N. Lane"
13344,"Gay I. Fernandez"
13346,"Jane Fitzpatrick"
13349,"Nathan Lawrence"
13352,"Rashad E. Singleton"
13353,"Urielle C. Noble"
13357,"Rebekah L. Horton"
13361,"Ulla Ballard"
13362,"Ariana L. Gonzales"
13364,"Amber Y. Carney"
13370,"Deborah Z. Patton"
13373,"Zenia S. Reed"
13374,"Harding Duke"
13376,"Ronan Mckee"
13377,"Guinevere Q. Owen"
13378,"Kyra Flynn"
13380,"Keaton K. Lynch"
13382,"Shaine H. Vaughan"
13383,"Jeremy Elliott"
13384,"Rhea I. Hickman"
13387,"Stephen Holman"
13388,"Victoria Higgins"
13391,"Cally Morales"
13395,"Hillary Mejia"
13396,"Ann Z. Webb"
13399,"Ivan Y. Battle"
13404,"Jack George"
13407,"Rahim Noble"
13410,"MacKensie M. Levy"
13411,"Brody Shields"
13417,"Amena Stanton"
13422,"Tatyana Q. Nichols"
13424,"Cora T. Saunders"
13425,"Inga O. Luna"
13428,"Clio L. Cruz"
13430,"Uriah Whitley"
13433,"Rudyard I. Cruz"
13434,"Medge G. Beach"
13435,"Kelly Cox"
13436,"Colette Y. Fitzpatrick"
13437,"Hayden Rhodes"
13441,"Octavius Barrett"
13442,"Ramona B. Wyatt"
13443,"Grant V. Hurley"
13451,"Dacey Vang"
13452,"Vielka Good"
13455,"Yuli Stanton"
13459,"Tate D. Branch"
13460,"Malachi Z. Stein"
13462,"Gage Ferguson"
13463,"Bevis B. Joseph"
13464,"Salvador Austin"
13466,"Ira Holman"
13471,"Leslie O. Dixon"
13473,"Tara L. Randolph"
13474,"Carolyn Holloway"
13475,"Zena P. Harrison"
13476,"Michael G. Bonner"
13484,"Jessamine Sears"
13485,"Alma Mckay"
13488,"Ria Dyer"
13490,"Haley Solis"
13492,"Violet Orr"
13494,"Rashad Jefferson"
13496,"Breanna F. Patel"
13497,"Declan Gaines"
13498,"Sawyer S. Ochoa"
13500,"Rebekah Y. Mendez"
13502,"Sharon Hudson"
13504,"Justin O. Gould"
13507,"Jaquelyn French"
13510,"Josiah Phillips"
13512,"Carl O. Stout"
13516,"Indigo Wilkinson"
13521,"Janna V. Foley"
13524,"Jackson Martinez"
13526,"Kasper Merrill"
13528,"Megan Oconnor"
13529,"Harriet X. Farrell"
13531,"Dexter Huffman"
13533,"Dane Pena"
13535,"Debra Bonner"
13536,"Allen Weiss"
13537,"Stella Roy"
13538,"Angelica W. Cantu"
13542,"Jayme W. Gross"
13543,"Margaret R. Sexton"
13545,"Nola W. Carver"
13551,"Jane B. Wise"
13555,"Eliana R. Golden"
13556,"Geraldine Solis"
13557,"Hayley Z. Lyons"
13558,"James Hansen"
13561,"Pandora U. Kelly"
13562,"Jonas Molina"
13573,"Upton Taylor"
13578,"Meredith Blevins"
13580,"Alyssa J. Sullivan"
13582,"Shay Parks"
13585,"Portia Cash"
13586,"Fallon Stephenson"
13590,"Elijah Salas"
13592,"Halla Wyatt"
13594,"Camden Y. Mills"
13596,"Theodore Suarez"
13597,"Travis Burch"
13598,"Aspen L. Harrington"
13599,"Ruth O. Cain"
13606,"Medge Gamble"
13609,"Donna Mckay"
13613,"Tad F. Phelps"
13614,"Hiroko R. Mathews"
13619,"Emery Y. Solis"
13620,"Celeste O. Pearson"
13621,"Benedict Dominguez"
13622,"Driscoll Dunlap"
13623,"Kevyn I. Mclaughlin"
13626,"Hollee J. Robinson"
13627,"Alika U. Pearson"
13628,"Camilla Shields"
13635,"Adele D. Hutchinson"
13636,"Colette Parrish"
13638,"August Dalton"
13639,"Silas Harding"
13646,"Jayme Barron"
13648,"Hilary Williams"
13649,"Porter Wade"
13650,"Willow Foley"
13654,"Yael Hurst"
13656,"Linda H. Watkins"
13657,"Idola Q. Vaughn"
13658,"Quincy F. Rice"
13660,"Aurelia H. Hall"
13662,"Zeph Obrien"
13663,"Eugenia Villarreal"
13665,"Beck M. Mason"
13666,"Destiny I. Nelson"
13669,"Ursa J. Fitzgerald"
13671,"Thane A. Price"
13672,"Drake Lang"
13673,"Megan Wilkerson"
13674,"Adele Caldwell"
13677,"Amela Glenn"
13678,"Nathan M. Herrera"
13680,"Baxter Saunders"
13681,"Stewart Chan"
13682,"Hedda Fulton"
13689,"Jayme N. Trevino"
13692,"Kyle A. Gomez"
13696,"Quynn Hernandez"
13697,"Chastity K. Dawson"
13698,"Quail H. Christensen"
13699,"Maggie Sanchez"
13701,"Jarrod E. Prince"
13703,"Thane Perez"
13706,"Lewis James"
13707,"Zahir Reed"
13710,"Lyle Marshall"
13712,"Nina Atkinson"
13714,"Rooney K. Mcknight"
13716,"Liberty Hood"
13719,"Thane Floyd"
13720,"Carson R. Cash"
13721,"Owen R. Slater"
13722,"Octavia Decker"
13723,"Kasimir Wilcox"
13726,"Ariel Davenport"
13731,"Hunter S. Love"
13732,"Melyssa O. Weaver"
13736,"Wallace Rutledge"
13737,"Rashad Kerr"
13738,"Idola Cantu"
13742,"Vielka Lambert"
13743,"Baxter U. Harmon"
13744,"Cain Vazquez"
13745,"Kylie Parker"
13746,"Seth Wallace"
13747,"Amelia Long"
13755,"Zorita I. Kidd"
13758,"Upton Mckenzie"
13759,"Jelani K. Guy"
13761,"Yeo Patterson"
13762,"Hayden U. Benjamin"
13765,"Pamela M. Wolfe"
13766,"Cyrus Bradley"
13767,"Xena Pacheco"
13768,"Eliana T. Massey"
13770,"Keefe Nieves"
13773,"Kirestin G. Duran"
13774,"Uriah X. Cervantes"
13777,"Brady Jones"
13778,"Flavia V. Conner"
13781,"Rhea Sharp"
13782,"Patience Howell"
13783,"Malcolm I. Copeland"
13787,"Owen Craig"
13789,"Lysandra J. Conway"
13791,"Aileen O. Skinner"
13794,"Raja C. Hendricks"
13796,"Colleen Bean"
13798,"Alexander I. Mcbride"
13799,"Beau Salinas"
13801,"Hayes Eaton"
13802,"Dorian X. Rollins"
13803,"Whilemina S. Mcintosh"
13805,"Austin Merrill"
13806,"Lance Ryan"
13808,"Dale Rasmussen"
13809,"Clayton R. Campos"
13810,"Reagan Schmidt"
13812,"Chaim Mcknight"
13813,"Quin Mcintyre"
13814,"Kylynn L. Cooke"
13815,"Eaton Maynard"
13818,"Bruce K. Ramsey"
13819,"Mary P. Gordon"
13820,"Martha U. Turner"
13821,"Justine N. Sampson"
13824,"Jonah M. Moses"
13831,"Ora Simon"
13832,"Laura Z. Sharpe"
13835,"Ifeoma A. Medina"
13836,"Lani Donovan"
13839,"Sara K. Williams"
13841,"Madonna Hinton"
13845,"Prescott Miranda"
13846,"Bryar Richmond"
13848,"Connor Blevins"
13855,"Cullen U. Clarke"
13856,"Sandra B. Rice"
13859,"Jennifer Daugherty"
13860,"Noah T. Hicks"
13861,"Vance H. Ferguson"
13862,"Ashely E. Goodwin"
13864,"Dennis Z. Wolf"
13867,"Azalia Noble"
13869,"Rylee P. Espinoza"
13872,"Chase T. Hale"
13874,"Cathleen Nicholson"
13877,"Eagan Bradshaw"
13881,"Stephanie L. Kirk"
13882,"Ifeoma Farrell"
13883,"Florence Delgado"
13884,"Kieran X. Spencer"
13890,"Rowan D. Nolan"
13891,"Dale Mayo"
13895,"Harlan Clay"
13896,"Marny Morton"
13899,"Sawyer Burton"
13902,"Walter K. Elliott"
13906,"Preston G. Rodriquez"
13907,"Liberty Barnes"
13911,"Lacy S. Pierce"
13912,"Karina I. Cooley"
13913,"Linda C. Bush"
13916,"Gregory Larson"
13918,"Deirdre Burgess"
13921,"Kareem E. Moon"
13922,"McKenzie Reynolds"
13924,"Joseph Nunez"
13927,"Hu N. Walls"
13928,"Eric Fox"
13929,"Charde Stephenson"
13932,"Keelie Jefferson"
13933,"Serina A. Duffy"
13937,"Yuli George"
13938,"Kaitlin Harrington"
13939,"Ulric Pacheco"
13940,"Alexander F. Rhodes"
13941,"Alan J. Guthrie"
13943,"Karleigh Roberson"
13944,"Ariana Velazquez"
13945,"Ethan S. Gentry"
13946,"Kenyon Torres"
13947,"Rowan F. Roman"
13951,"Damian Spencer"
13952,"Damian I. Pollard"
13955,"Stacey Chavez"
13957,"Reagan I. Rowe"
13958,"Chester N. Jennings"
13959,"Claire R. Larson"
13961,"Bethany Arnold"
13965,"Ivan Marshall"
13974,"Cassady Petty"
13975,"Velma Stark"
13976,"Clio I. Gordon"
13979,"Sopoline Ball"
13982,"Ocean R. Velez"
13987,"Cullen Dillard"
13990,"Hilda Mayo"
13992,"Hanna P. Hall"
13995,"Kirk F. Hendrix"
13997,"Bertha Hardy"
13999,"Malachi U. Woodward"
14000,"Gail Bright"
14001,"Caryn Clemons"
14005,"Marcia Sweeney"
14008,"Kennan Gonzalez"
14010,"Zoe H. Thompson"
14011,"Justine B. Moss"
14013,"Axel Yang"
14015,"Piper V. Frazier"
14016,"Carla N. Campbell"
14020,"Wyatt Rice"
14022,"Ifeoma Buck"
14025,"Linus R. Cole"
14027,"Jolie R. Landry"
14032,"Hyatt B. Larsen"
14035,"Orli J. Russell"
14038,"Brynn R. Patton"
14047,"Aladdin Atkins"
14053,"Zeph M. Rutledge"
14054,"Imani O. Gordon"
14055,"Kiayada Faulkner"
14058,"Jackson Sullivan"
14059,"Melanie Stephenson"
14060,"Ingrid Garner"
14064,"Brennan O. Allison"
14067,"Melanie X. Todd"
14068,"Finn C. Richardson"
14069,"Clarke J. Avila"
14070,"Sade H. French"
14073,"Allen Kent"
14075,"Savannah Ratliff"
14080,"Avye D. Burns"
14081,"Wayne Berger"
14083,"Nathaniel Brady"
14085,"Brooke S. Nelson"
14087,"Miranda G. Tanner"
14088,"Kaye Z. Zimmerman"
14089,"Rylee U. Mckay"
14090,"Silas Lawrence"
14091,"Tucker Mendoza"
14092,"Orli I. Flores"
14093,"Amir Z. Crane"
14096,"Lois Hodges"
14100,"Jemima Carter"
14101,"Germaine N. Moon"
14103,"Xenos L. Brennan"
14110,"Whoopi Mckinney"
14112,"Hamish P. Moon"
14114,"Alea W. Clayton"
14115,"Abbot F. Holt"
14121,"Lee Kramer"
14124,"Debra P. Frank"
14125,"Kiara Salas"
14127,"Blair S. Banks"
14129,"Hakeem N. Hoover"
14132,"Todd Buck"
14133,"Troy C. Sellers"
14134,"Barbara Caldwell"
14136,"Leigh Navarro"
14137,"Malik O. Todd"
14138,"Russell Strong"
14140,"Benjamin Whitfield"
14141,"Merrill T. Riley"
14148,"Moses Q. Robertson"
14150,"Leroy Y. Harrington"
14151,"Mufutau Munoz"
14152,"Honorato Gillespie"
14153,"Galvin Jacobson"
14155,"Gareth Murray"
14157,"Cruz V. Sampson"
14158,"Adrian Nguyen"
14165,"Vielka T. Monroe"
14169,"Vincent Newman"
14170,"Adele Mcneil"
14171,"Kellie Price"
14173,"Cyrus X. Welch"
14177,"Mechelle Travis"
14179,"Cameron J. Ingram"
14180,"Amanda Q. Rocha"
14181,"Chantale Wright"
14183,"Cullen Underwood"
14184,"Rahim L. Charles"
14185,"Heather M. Greer"
14188,"Linus Tran"
14189,"Yoshi A. Hayden"
14193,"Erasmus Y. Hopper"
14198,"Guinevere C. Brewer"
14199,"Desiree C. Mcpherson"
14202,"Urielle P. Branch"
14205,"Phillip E. Watson"
14206,"Felix S. Browning"
14210,"Libby Neal"
14211,"Odessa F. Wilkerson"
14212,"Cassidy Thornton"
14213,"Signe S. Carson"
14215,"Gray E. Hobbs"
14221,"Hammett Leach"
14223,"Dacey D. Todd"
14224,"Devin U. Norris"
14225,"Cameron Rosario"
14226,"Tara A. Newman"
14227,"Colette G. Freeman"
14229,"Yetta Z. Woodward"
14230,"Logan B. Vargas"
14234,"Louis Martin"
14235,"Michael Y. Serrano"
14239,"Hector Douglas"
14240,"Porter H. Williams"
14242,"Bethany Gomez"
14244,"Shaine D. Reilly"
14246,"Acton Scott"
14248,"Honorato C. Frye"
14257,"Amanda M. Buchanan"
14260,"Chantale M. Spence"
14262,"Gwendolyn Bass"
14267,"Fleur Sloan"
14270,"Kieran N. Ryan"
14273,"Garrett Burris"
14275,"Wayne Mcguire"
14279,"Alisa E. Chambers"
14280,"Slade D. Simpson"
14281,"Deirdre U. Cantu"
14282,"Lewis N. Harrell"
14283,"Brielle Hale"
14284,"Rina P. Gardner"
14286,"Alea O. Dunlap"
14289,"Cody O. Compton"
14290,"Marshall Cobb"
14295,"Christine Burnett"
14297,"Ora William"
14299,"Calista Contreras"
14301,"Lavinia Moody"
14303,"Nathaniel Haney"
14304,"Jasper Diaz"
14306,"Bruce H. Ballard"
14307,"Pascale U. Rutledge"
14308,"Isaiah Emerson"
14309,"Kane Guthrie"
14312,"Gemma Campos"
14314,"Allen Espinoza"
14315,"Jeremy Joyner"
14316,"Fredericka Cannon"
14320,"Lee Q. Sargent"
14321,"Hyacinth Richards"
14326,"Roth D. Yates"
14329,"Violet Silva"
14331,"Frances Frazier"
14333,"Nolan Johns"
14334,"Mara Sims"
14337,"Basia Madden"
14338,"Shaine Schmidt"
14339,"Cadman Gay"
14340,"Mason Boone"
14341,"Chiquita Porter"
14343,"Quemby Merrill"
14346,"Cairo I. Michael"
14348,"Laith Q. Sexton"
14349,"Mona Z. Schmidt"
14352,"Micah K. Bass"
14355,"Beverly Vance"
14356,"Rowan W. Holmes"
14357,"Eaton Willis"
14360,"Hillary C. Suarez"
14362,"Caesar L. Guerrero"
14364,"Driscoll Zimmerman"
14366,"Marah M. Thornton"
14367,"Cullen J. Mcgee"
14368,"Daria D. Wong"
14369,"Rose L. Rodgers"
14370,"David I. Vasquez"
14371,"Melinda Bender"
14372,"Kylynn F. Short"
14373,"Allistair Sanchez"
14374,"Rhonda F. Thornton"
14376,"Kylee K. Colon"
14377,"Denise Duffy"
14378,"Kessie S. Montgomery"
14380,"Madaline P. Vasquez"
14381,"Oren Michael"
14382,"September Whitley"
14385,"Joan A. Kramer"
14387,"Martin K. Obrien"
14389,"Dawn Hess"
14391,"Jordan Q. Cross"
14392,"Fritz Knapp"
14393,"Colt Graham"
14396,"Emerson Z. Adkins"
14397,"Keaton Rivas"
14399,"Vaughan X. Pope"
14400,"Jacob N. Mcintosh"
14401,"Keaton R. Small"
14408,"Galvin Sanford"
14410,"Bert Johns"
14411,"Louis Clemons"
14415,"Dahlia Buchanan"
14418,"Jason J. Fields"
14419,"Maggy Kane"
14421,"Merritt Z. Odonnell"
14422,"Dorothy E. Crosby"
14424,"Lee Haynes"
14427,"Cassady Carlson"
14428,"Dominic Washington"
14429,"Logan Beach"
14432,"Giselle Gilmore"
14434,"Olympia Conway"
14435,"Madaline Whitfield"
14436,"Meredith Shannon"
14438,"Lester Barber"
14439,"Kadeem M. Davenport"
14445,"Sonia Davis"
14447,"Tate U. Perry"
14448,"Brody S. Rios"
14449,"Kameko S. Richard"
14451,"Kelly Tyler"
14455,"Alea Wooten"
14458,"Tobias Noble"
14459,"Devin W. Guy"
14460,"Neil Z. Holcomb"
14462,"Medge Sears"
14464,"Montana Mcknight"
14465,"Barry C. Casey"
14466,"Sara D. Short"
14467,"Quemby G. Daniel"
14468,"Victor D. England"
14469,"Jeanette X. Crane"
14472,"Jolie Bonner"
14477,"Reece R. Harper"
14478,"Chaim F. Simpson"
14479,"Brady Espinoza"
14480,"Audrey Dillard"
14482,"Zenia Nash"
14486,"Brenna I. Herrera"
14489,"Orli C. Kent"
14490,"Keiko H. Spencer"
14491,"Hashim Terrell"
14492,"Moana Case"
14499,"Amanda E. Williams"
14502,"Beck R. Henry"
14503,"Desiree I. Olsen"
14504,"Stacy P. Huff"
14505,"Meghan D. Lara"
14506,"Declan T. Sweeney"
14507,"Abel Gordon"
14508,"Cassady S. Browning"
14510,"Davis D. Beck"
14512,"Lionel F. Richard"
14513,"Demetria H. Herrera"
14516,"Blythe Waller"
14518,"Ingrid Daniels"
14519,"Natalie Ratliff"
14520,"Brenden J. Mcconnell"
14522,"Nolan Q. Cook"
14525,"Ingrid I. Witt"
14527,"Ella N. Warren"
14528,"Driscoll Dejesus"
14530,"Hayfa Wong"
14531,"Carolyn P. Hatfield"
14532,"Trevor Mccormick"
14535,"Abraham H. Grimes"
14537,"Hiroko G. Valenzuela"
14538,"Imani E. Pruitt"
14540,"Althea Z. Bruce"
14541,"Robin X. Johnston"
14542,"Arden R. Holt"
14543,"Lara B. Washington"
14545,"Cassidy P. Mays"
14546,"Yardley F. Duncan"
14547,"Michelle N. Travis"
14548,"Alma Pittman"
14549,"Tyler K. Tillman"
14550,"Elvis Whitley"
14556,"Kelsie Gonzalez"
14557,"Katelyn Hobbs"
14558,"Micah Z. Griffin"
14559,"Dominic West"
14561,"Willow Hebert"
14563,"Cedric Knapp"
14564,"Kessie Hooper"
14566,"Quamar N. Huffman"
14568,"Norman Acosta"
14569,"Cade M. Porter"
14575,"Arthur Burch"
14576,"Melyssa Casey"
14578,"Ronan O. Browning"
14579,"Carl Pate"
14580,"Aidan B. Cain"
14583,"Ian B. Wiggins"
14586,"Beck T. Richmond"
14591,"Elijah Kerr"
14593,"Lance Parsons"
14594,"Ishmael Terrell"
14595,"Cleo Porter"
14599,"Neil Barnett"
14600,"Solomon O. Mcdaniel"
14602,"Shannon K. Boone"
14609,"Frances Cooke"
14611,"Imani N. Mcintyre"
14613,"Jerome Bernard"
14615,"Caesar E. French"
14616,"Gregory Mcdowell"
14617,"Kelly V. Gomez"
14618,"Philip Christensen"
14620,"Pearl Harris"
14621,"Jonah B. Gould"
14622,"Camilla White"
14623,"Kane I. Oneal"
14627,"Melanie Barber"
14628,"Gloria F. Ayala"
14629,"Richard Wynn"
14630,"Mechelle Clayton"
14635,"Craig E. Holt"
14638,"Glenna Villarreal"
14644,"Hunter Beck"
14646,"Jenette Franco"
14649,"Bethany L. Sanford"
14650,"Walter Gillespie"
14651,"Piper E. Knight"
14653,"Tyler Barnett"
14656,"Leilani Z. Macdonald"
14661,"Xaviera I. Finch"
14669,"Kuame Randall"
14672,"Shaine G. Jensen"
14673,"Connor Fitzgerald"
14674,"Cairo K. Sweeney"
14677,"Ethan V. Chandler"
14681,"Claudia Deleon"
14682,"Regina Tucker"
14684,"Maris Leon"
14686,"Fitzgerald V. Hubbard"
14687,"Leo Davidson"
14688,"Melyssa Goff"
14689,"Myra V. Powers"
14692,"Steven Franks"
14694,"Quintessa Wise"
14695,"Lila Reilly"
14696,"Chase Rodriquez"
14697,"Maggie Hardy"
14703,"Mason D. Stokes"
14706,"Sloane Vinson"
14707,"Kevyn S. Macias"
14708,"Nelle Juarez"
14714,"Hoyt Holden"
14716,"Grant Y. Fitzpatrick"
14718,"Madison Bean"
14719,"Oliver Carver"
14720,"Driscoll Z. Rosario"
14722,"Zelda F. Hale"
14723,"Tana Pacheco"
14725,"Illana Carver"
14726,"Zephania I. Booker"
14728,"Gareth Mcdowell"
14729,"Vivien W. Drake"
14730,"Yoshio P. Coleman"
14731,"Bruce Morgan"
14734,"Patricia Figueroa"
14735,"Oprah B. Burks"
14736,"Winifred Rivera"
14738,"Allegra Gordon"
14739,"Ignacia I. Waters"
14740,"Tate T. Pickett"
14741,"Vaughan Fitzpatrick"
14742,"Marvin P. Walter"
14743,"TaShya S. Langley"
14745,"Gail Johnson"
14746,"Hilda Pierce"
14752,"Echo E. Riley"
14754,"Gannon Burke"
14755,"Addison J. Mcfadden"
14760,"Gloria E. Heath"
14762,"Tucker C. Stephens"
14763,"Chase P. Griffith"
14765,"Courtney F. Mullins"
14766,"Quail U. Townsend"
14767,"Emery Gentry"
14769,"Sheila Watson"
14770,"Kaseem K. Cooke"
14771,"Brock Weiss"
14776,"Quinlan X. Delgado"
14778,"Colleen Q. Ratliff"
14783,"Kirsten X. Blackwell"
14785,"Hilel Chavez"
14786,"Cameron Pitts"
14791,"Liberty Herrera"
14792,"Reese Mason"
14796,"Kim O. Daniels"
14798,"Ebony Fletcher"
14799,"Halee B. Rodriguez"
14800,"Channing Adkins"
14801,"Hope Blackburn"
14806,"Kaseem Sparks"
14808,"Nash V. Townsend"
14809,"Audrey H. Reed"
14810,"Craig I. Shepard"
14811,"Jocelyn Terry"
14812,"Curran K. Walls"
14813,"Sigourney Washington"
14815,"Whoopi Jones"
14816,"Renee Henson"
14817,"Ezra T. Sherman"
14818,"Ulysses Miranda"
14822,"Blaine T. Sellers"
14825,"Demetria W. Burch"
14826,"Joan O. Padilla"
14828,"Steven Q. Romero"
14831,"Kiayada Anderson"
14834,"Megan E. Riley"
14836,"Kenyon Mendoza"
14839,"Irene Walter"
14841,"Holly A. Dennis"
14845,"Cathleen Q. Wilkins"
14849,"James Gill"
14852,"Iona Scott"
14854,"Faith Spence"
14857,"Libby B. Norris"
14858,"Ainsley Lamb"
14860,"Maile Briggs"
14861,"Oleg Torres"
14863,"Clark B. Buchanan"
14864,"Suki T. Fry"
14866,"Bianca U. Burt"
14868,"Abra M. Leblanc"
14869,"Shaeleigh Hurst"
14871,"Cora H. Stephens"
14877,"Warren Z. Hurley"
14878,"Autumn Odom"
14879,"Yael B. Sosa"
14884,"Damon E. Peters"
14886,"Kalia Gray"
14887,"Silas T. Key"
14888,"Clementine Pratt"
14890,"Laith R. Wooten"
14893,"Sigourney Delaney"
14895,"Amena D. Wright"
14897,"Ryan Robbins"
14901,"Hyacinth T. Stephenson"
14905,"Quincy Copeland"
14908,"Hillary Barrett"
14914,"Wynne K. Tran"
14916,"Daniel D. Riley"
14917,"Clinton Baldwin"
14919,"Brenda G. Perry"
14921,"Ifeoma Mcneil"
14924,"Laurel C. Pratt"
14925,"Josiah B. Goodman"
14926,"Lars K. Guthrie"
14929,"Scott S. Lowery"
14932,"Madeline Franks"
14939,"Keiko V. Clayton"
14940,"Roanna Patterson"
14942,"Carl A. Madden"
14943,"Tyrone Dickerson"
14945,"Nell O. Garner"
14946,"Ursa W. Hooper"
14947,"Ciara Randall"
14949,"Boris C. Mullins"
14951,"Tatyana Butler"
14952,"Jonas B. Head"
14954,"Caryn Terry"
14955,"Christian S. Montgomery"
14957,"Neil Adkins"
14958,"Quin Kent"
14961,"Ginger Baxter"
14965,"Jada Q. Mason"
14966,"Josephine T. Goodman"
14969,"Benjamin Horton"
14970,"Basil K. Grimes"
14973,"Stephen T. Hale"
14974,"Madison Burke"
14976,"Ciaran V. Rollins"
14978,"Jacqueline Oliver"
14982,"Brian H. Vinson"
14984,"Courtney U. Woods"
14990,"Charde Rodriguez"
14994,"Alden E. Kane"
14995,"Neil Y. Spencer"
14997,"Adam Y. Gross"
14998,"Colette M. Lambert"
14999,"Emma N. Pope"
